Socket;Event;Data;extra
server;connection;JZ5g-wB80qDCkXCZAAAC
server;connection;_7bqS96O9wHEiqGUAAAD
_7bqS96O9wHEiqGUAAAD;message;New Cronometro!
server;disconnect;JZ5g-wB80qDCkXCZAAAC
server;disconnect;_7bqS96O9wHEiqGUAAAD
server;connection;wdJDi3Vl2-iZUfx4AAAF
server;connection;GNcTrj_Ss014ZfaeAAAH
server;disconnect;GNcTrj_Ss014ZfaeAAAH
server;connection;n2LQm_jUb1zl2aaoAAAK
server;connection;sMrncS9f0z_QRDsHAAAL
n2LQm_jUb1zl2aaoAAAK;message;New Cronometro!
server;connection;fgJItaL_1KHpLKz-AAAN
fgJItaL_1KHpLKz-AAAN;all;show
fgJItaL_1KHpLKz-AAAN;all;hide
server;connection;HiOdtqLiAOiFDiEOAAAP
fgJItaL_1KHpLKz-AAAN;all;show
fgJItaL_1KHpLKz-AAAN;all;team,ronda7,RUHE,T_vuelo
n2LQm_jUb1zl2aaoAAAK;message;Cronometro: ronda7/RUHE/T_vuelo
HiOdtqLiAOiFDiEOAAAP;all;cronometro,ronda7,RUHE,T_vuelo,start,1721976061991
HiOdtqLiAOiFDiEOAAAP;all;cronometro,ronda7,RUHE,T_vuelo,reset
HiOdtqLiAOiFDiEOAAAP;all;cronometro,ronda7,RUHE,T_vuelo,pause,3078
HiOdtqLiAOiFDiEOAAAP;all;cronometro,ronda7,RUHE,T_vuelo,reset
server;disconnect;HiOdtqLiAOiFDiEOAAAP
server;connection;EdtMsAdjY3N2Yhj6AAAR
server;disconnect;sMrncS9f0z_QRDsHAAAL
server;disconnect;n2LQm_jUb1zl2aaoAAAK
server;disconnect;wdJDi3Vl2-iZUfx4AAAF
server;connection;5twVASaMIsnyLnS4AAAT
server;connection;VvMhVWiPZAIjBh7nAAAW
server;connection;-RfDepn-_VyGV4_wAAAX
server;connection;_U2q5ieMg_AD4CAvAAAb
server;connection;dK0Z90IO6iaUXxPgAAAd
server;connection;WGg8iJ0-Ekesqk-oAAAe
server;connection;ySdNU5HXQExpqyadAAAg
_U2q5ieMg_AD4CAvAAAb;message;New Cronometro!
server;connection;0HtI_h_EgE-u2cmqAAAh
server;disconnect;-RfDepn-_VyGV4_wAAAX
server;disconnect;VvMhVWiPZAIjBh7nAAAW
server;connection;1DAcd__AcFUPhubyAAAj
server;disconnect;1DAcd__AcFUPhubyAAAj
server;connection;vIX52Q-Nm_DFpPkRAAAl
server;disconnect;fgJItaL_1KHpLKz-AAAN
server;connection;cOpsP_wEEyORow9vAAAn
server;disconnect;vIX52Q-Nm_DFpPkRAAAl
server;connection;dgd4LL9zCjXZWftWAAAp
server;disconnect;EdtMsAdjY3N2Yhj6AAAR
server;connection;3vc286WF8dFHtGNpAAAr
server;disconnect;dgd4LL9zCjXZWftWAAAp
server;disconnect;3vc286WF8dFHtGNpAAAr
server;disconnect;cOpsP_wEEyORow9vAAAn
server;connection;zk1XDYYvd6cDQrvnAAAu
server;connection;AfJ7UCtF8pMvyaHZAAAv
server;connection;VMGQdPO4731n4ZjWAAAx
server;disconnect;5twVASaMIsnyLnS4AAAT
server;connection;uhb8fea8YLnACxYkAAAz
server;disconnect;zk1XDYYvd6cDQrvnAAAu
server;disconnect;VMGQdPO4731n4ZjWAAAx
server;connection;MlaKOGYSSiZova5oAAA1
server;disconnect;uhb8fea8YLnACxYkAAAz
server;connection;9CAAMJrzoAgibcm0AAA3
server;disconnect;AfJ7UCtF8pMvyaHZAAAv
server;connection;K4TLy6ydbkmDo9H1AAA5
server;connection;bQ0WLhzzOi7GPXO5AAA7
server;disconnect;bQ0WLhzzOi7GPXO5AAA7
server;disconnect;K4TLy6ydbkmDo9H1AAA5
server;disconnect;9CAAMJrzoAgibcm0AAA3
server;disconnect;MlaKOGYSSiZova5oAAA1
server;connection;_5zCUU3eUyXPDB6HAAA-
server;connection;KOt_IS3IPXgeTazpAAA_
server;connection;5z8s-5c_Ki3OVowJAABB
server;disconnect;KOt_IS3IPXgeTazpAAA_
server;connection;sbVPmiNtEoDp1LfYAABD
server;disconnect;5z8s-5c_Ki3OVowJAABB
server;connection;d0h7Ph_vl3dNDSyaAABF
server;connection;JkSAW2y2thBoQyFAAABH
server;disconnect;_5zCUU3eUyXPDB6HAAA-
server;connection;wxmoDsMrLrUeBRPlAABJ
server;disconnect;JkSAW2y2thBoQyFAAABH
server;connection;dM2sazTuBYIFhXIwAABL
wxmoDsMrLrUeBRPlAABJ;all;anuncio,updateText,Test
server;disconnect;ySdNU5HXQExpqyadAAAg
server;connection;_6qc11dD5b0IHuuOAABN
server;disconnect;_6qc11dD5b0IHuuOAABN
server;connection;RZcozRGVlM71iI5_AABP
wxmoDsMrLrUeBRPlAABJ;all;anuncio,updateText,Test
wxmoDsMrLrUeBRPlAABJ;all;anuncio,updateText,Test
wxmoDsMrLrUeBRPlAABJ;all;anuncio,updateText,Test
server;disconnect;wxmoDsMrLrUeBRPlAABJ
server;connection;KF-uFrDYkCG28U5eAABR
server;disconnect;KF-uFrDYkCG28U5eAABR
server;connection;HVokajxEgw9X-KqPAABT
server;disconnect;HVokajxEgw9X-KqPAABT
server;connection;9O9PpyjmZUCUAfnKAABV
server;disconnect;9O9PpyjmZUCUAfnKAABV
server;connection;GSGZRPVxct3kB4YXAABX
server;disconnect;RZcozRGVlM71iI5_AABP
server;connection;DvwcHNB6OZFH1EMaAABZ
GSGZRPVxct3kB4YXAABX;all;anuncio,updateText,Day 3 - Morning Session
d0h7Ph_vl3dNDSyaAABF;all;ranking,rankMov
server;disconnect;d0h7Ph_vl3dNDSyaAABF
server;connection;hRR-_35--yssXmVUAABb
server;disconnect;WGg8iJ0-Ekesqk-oAAAe
server;connection;h99npazrc83v5cXSAABd
server;disconnect;sbVPmiNtEoDp1LfYAABD
server;connection;NnmLvkpebQLSf4NGAABf
server;disconnect;h99npazrc83v5cXSAABd
server;disconnect;NnmLvkpebQLSf4NGAABf
server;connection;mwGTuZtXOcjCS6_-AABi
server;connection;KtpS5y7qZSzpl0WGAABk
server;connection;OSqo2w77p4Yp3FRmAABn
server;disconnect;0HtI_h_EgE-u2cmqAAAh
server;connection;qOTWbThjwx8DE6M7AABp
server;disconnect;OSqo2w77p4Yp3FRmAABn
server;connection;aXImWPTD1eDKMTn-AABr
hRR-_35--yssXmVUAABb;all;ranking,rankMov
KtpS5y7qZSzpl0WGAABk;all;puntos,vacPilo
KtpS5y7qZSzpl0WGAABk;all;puntos,sumPil,ECLFT,1,511,animado
KtpS5y7qZSzpl0WGAABk;all;puntos,sumPil,UCAIR,2,312,animado
KtpS5y7qZSzpl0WGAABk;all;puntos,sumPil,SAET1,3,305,animado
KtpS5y7qZSzpl0WGAABk;all;puntos,sumPil,G3,4,265,animado
KtpS5y7qZSzpl0WGAABk;all;puntos,sumPil,RUHE,5,218,animado
KtpS5y7qZSzpl0WGAABk;all;puntos,sumPil,LUFTS,6,200,animado
KtpS5y7qZSzpl0WGAABk;all;puntos,sumPil,NTHPO,7,198,animado
KtpS5y7qZSzpl0WGAABk;all;puntos,sumPil,SAET2,8,183,animado
KtpS5y7qZSzpl0WGAABk;all;puntos,sumPil,TRENC,9,173,animado
KtpS5y7qZSzpl0WGAABk;all;puntos,sumPil,MATSI,10,159,animado
KtpS5y7qZSzpl0WGAABk;all;puntos,sumPil,UVIGA,11,138,animado
KtpS5y7qZSzpl0WGAABk;all;puntos,sumPil,DIANA,12,123,animado
KtpS5y7qZSzpl0WGAABk;all;puntos,sumPil,EAFT1,2,409,animado
KtpS5y7qZSzpl0WGAABk;all;puntos,sumPil,EAFT2,3,391,animado
KtpS5y7qZSzpl0WGAABk;all;puntos,sumPil,XALOC,6,286,animado
KtpS5y7qZSzpl0WGAABk;all;puntos,sumPil,EAFT3,7,267,animado
server;disconnect;qOTWbThjwx8DE6M7AABp
server;connection;Spb3HBlQtnH-DqGfAABt
server;connection;9GX9urRRdkQ6HdsiAABv
server;disconnect;KtpS5y7qZSzpl0WGAABk
server;connection;fOauto9jdQzhEe6KAABx
server;disconnect;fOauto9jdQzhEe6KAABx
server;connection;_wJXvFoAUWdMs3T4AABz
server;disconnect;mwGTuZtXOcjCS6_-AABi
server;disconnect;_wJXvFoAUWdMs3T4AABz
server;connection;aeDycbnS4lAWvUVPAAB1
server;disconnect;aeDycbnS4lAWvUVPAAB1
server;connection;lgd29GquSUfOi977AAB3
server;disconnect;lgd29GquSUfOi977AAB3
server;connection;M0tF-zX7ZyyT5gl3AAB5
server;disconnect;9GX9urRRdkQ6HdsiAABv
server;connection;DYnuvDgZh07cpt4CAAB7
server;disconnect;DYnuvDgZh07cpt4CAAB7
server;connection;8M_sO-BXk7k3Ta4tAAB9
server;connection;Gw8uMybgvr0Ojt9VAACA
server;disconnect;Gw8uMybgvr0Ojt9VAACA
server;connection;vrXLX2vY1y4XDkeiAACC
M0tF-zX7ZyyT5gl3AAB5;all;puntos,vacPilo
M0tF-zX7ZyyT5gl3AAB5;all;puntos,vacPilo
M0tF-zX7ZyyT5gl3AAB5;all;puntos,sumPil,ECLFT,1,511,animado
M0tF-zX7ZyyT5gl3AAB5;all;puntos,sumPil,UCAIR,2,312,animado
M0tF-zX7ZyyT5gl3AAB5;all;puntos,sumPil,SAET1,3,305,animado
M0tF-zX7ZyyT5gl3AAB5;all;puntos,sumPil,G3,4,265,animado
M0tF-zX7ZyyT5gl3AAB5;all;puntos,sumPil,RUHE,5,218,animado
M0tF-zX7ZyyT5gl3AAB5;all;puntos,sumPil,LUFTS,6,200,animado
M0tF-zX7ZyyT5gl3AAB5;all;puntos,sumPil,NTHPO,7,198,animado
M0tF-zX7ZyyT5gl3AAB5;all;puntos,sumPil,SAET2,8,183,animado
M0tF-zX7ZyyT5gl3AAB5;all;puntos,sumPil,TRENC,9,173,animado
M0tF-zX7ZyyT5gl3AAB5;all;puntos,sumPil,MATSI,10,159,animado
M0tF-zX7ZyyT5gl3AAB5;all;puntos,sumPil,UVIGA,11,138,animado
M0tF-zX7ZyyT5gl3AAB5;all;puntos,sumPil,DIANA,12,123,animado
M0tF-zX7ZyyT5gl3AAB5;all;puntos,sumPil,EAFT1,2,409,animado
M0tF-zX7ZyyT5gl3AAB5;all;puntos,sumPil,EAFT2,3,391,animado
M0tF-zX7ZyyT5gl3AAB5;all;puntos,sumPil,XALOC,6,286,animado
M0tF-zX7ZyyT5gl3AAB5;all;puntos,sumPil,EAFT3,7,267,animado
M0tF-zX7ZyyT5gl3AAB5;all;puntos,rankMov
server;disconnect;Spb3HBlQtnH-DqGfAABt
server;disconnect;8M_sO-BXk7k3Ta4tAAB9
dM2sazTuBYIFhXIwAABL;all;team,ronda1,LUFTS,T_carga
dM2sazTuBYIFhXIwAABL;all;show
dM2sazTuBYIFhXIwAABL;all;show
server;disconnect;dM2sazTuBYIFhXIwAABL
server;connection;R4E8hRo70Lx9BrxBAACE
server;disconnect;_U2q5ieMg_AD4CAvAAAb
server;disconnect;dK0Z90IO6iaUXxPgAAAd
server;connection;19VVl5Cg8NaDBzmEAACH
server;connection;sTmBqc163QXYu7Y1AACI
19VVl5Cg8NaDBzmEAACH;message;New Cronometro!
R4E8hRo70Lx9BrxBAACE;all;team,ronda1,RUHE,T_carga
19VVl5Cg8NaDBzmEAACH;message;Cronometro: ronda1/RUHE/T_carga
R4E8hRo70Lx9BrxBAACE;all;team,ronda6,RUHE,T_carga
19VVl5Cg8NaDBzmEAACH;message;Cronometro: ronda6/RUHE/T_carga
R4E8hRo70Lx9BrxBAACE;all;show
server;connection;GN88QDTBASkEjPe6AACL
server;connection;76rdevN430gTW8goAACM
M0tF-zX7ZyyT5gl3AAB5;all;puntos,rankMov
76rdevN430gTW8goAACM;list;
M0tF-zX7ZyyT5gl3AAB5;all;puntos,rankMov
M0tF-zX7ZyyT5gl3AAB5;all;puntos,rankMov
server;disconnect;aXImWPTD1eDKMTn-AABr
server;connection;AjffkhJbQXexjoshAACO
M0tF-zX7ZyyT5gl3AAB5;all;puntos,rankMov
hRR-_35--yssXmVUAABb;all;ranking,rankMov
hRR-_35--yssXmVUAABb;all;ranking,rankMov
hRR-_35--yssXmVUAABb;all;ranking,rankMov
hRR-_35--yssXmVUAABb;all;ranking,rankMov
hRR-_35--yssXmVUAABb;all;ranking,rankMov
hRR-_35--yssXmVUAABb;all;ranking,rankMov
hRR-_35--yssXmVUAABb;all;ranking,rankMov
hRR-_35--yssXmVUAABb;all;ranking,rankMov
hRR-_35--yssXmVUAABb;all;ranking,rankMov
hRR-_35--yssXmVUAABb;all;ranking,rankMov
hRR-_35--yssXmVUAABb;all;ranking,rankMov
hRR-_35--yssXmVUAABb;all;ranking,rankMov
M0tF-zX7ZyyT5gl3AAB5;all;puntos,rankMov
server;disconnect;M0tF-zX7ZyyT5gl3AAB5
server;connection;WZD-kUaR-dNhkmV3AACQ
server;disconnect;vrXLX2vY1y4XDkeiAACC
server;connection;KGpmajTnjMdhLrWkAACS
hRR-_35--yssXmVUAABb;all;ranking,rankMov
WZD-kUaR-dNhkmV3AACQ;all;puntos,quiPil,animado,1
WZD-kUaR-dNhkmV3AACQ;all;puntos,vacPilo
WZD-kUaR-dNhkmV3AACQ;all;puntos,sumPil,ECLFT,1,511,animado
WZD-kUaR-dNhkmV3AACQ;all;puntos,sumPil,UCAIR,2,312,animado
WZD-kUaR-dNhkmV3AACQ;all;puntos,sumPil,SAET1,3,305,animado
WZD-kUaR-dNhkmV3AACQ;all;puntos,sumPil,G3,4,265,animado
WZD-kUaR-dNhkmV3AACQ;all;puntos,sumPil,RUHE,5,218,animado
WZD-kUaR-dNhkmV3AACQ;all;puntos,sumPil,LUFTS,6,200,animado
WZD-kUaR-dNhkmV3AACQ;all;puntos,sumPil,NTHPO,7,198,animado
WZD-kUaR-dNhkmV3AACQ;all;puntos,sumPil,SAET2,8,183,animado
WZD-kUaR-dNhkmV3AACQ;all;puntos,sumPil,TRENC,9,173,animado
WZD-kUaR-dNhkmV3AACQ;all;puntos,sumPil,MATSI,10,159,animado
WZD-kUaR-dNhkmV3AACQ;all;puntos,sumPil,UVIGA,11,138,animado
WZD-kUaR-dNhkmV3AACQ;all;puntos,sumPil,DIANA,12,123,animado
WZD-kUaR-dNhkmV3AACQ;all;puntos,sumPil,EAFT1,2,409,animado
WZD-kUaR-dNhkmV3AACQ;all;puntos,sumPil,EAFT2,3,391,animado
WZD-kUaR-dNhkmV3AACQ;all;puntos,sumPil,XALOC,6,286,animado
WZD-kUaR-dNhkmV3AACQ;all;puntos,sumPil,EAFT3,7,267,animado
WZD-kUaR-dNhkmV3AACQ;all;puntos,desDina
hRR-_35--yssXmVUAABb;all;ranking,rankMov
hRR-_35--yssXmVUAABb;all;ranking,rankMov
hRR-_35--yssXmVUAABb;all;ranking,rankMov
GSGZRPVxct3kB4YXAABX;all;anuncio,dinamicaAnuncio,false
server;disconnect;sTmBqc163QXYu7Y1AACI
server;disconnect;19VVl5Cg8NaDBzmEAACH
server;connection;oNBwS7B_9uoaFEkvAACV
server;connection;OcdvvTbDRcRpAhJ6AACW
oNBwS7B_9uoaFEkvAACV;message;New Cronometro!
GSGZRPVxct3kB4YXAABX;all;anuncio,dinamicaAnuncio,true
GSGZRPVxct3kB4YXAABX;all;anuncio,dinamicaAnuncio,false
GSGZRPVxct3kB4YXAABX;all;anuncio,dinamicaAnuncio,true
server;disconnect;GSGZRPVxct3kB4YXAABX
server;connection;wRxjA4XsDc9Hd7IrAACY
server;disconnect;hRR-_35--yssXmVUAABb
server;connection;5BE_TwshJ5yjze3sAACa
server;disconnect;AjffkhJbQXexjoshAACO
server;connection;EMLfyOPWEGsB6X76AACc
server;disconnect;KGpmajTnjMdhLrWkAACS
server;connection;tDbyzvEYUssrsEXpAACe
5BE_TwshJ5yjze3sAACa;all;ranking,rankMov
server;disconnect;DvwcHNB6OZFH1EMaAABZ
server;connection;zvyRTGDQT132hss-AACg
server;disconnect;WZD-kUaR-dNhkmV3AACQ
server;connection;MU52R77a36ji4-QqAACi
wRxjA4XsDc9Hd7IrAACY;all;anuncio,updateText,Day 3 - Morning Session
wRxjA4XsDc9Hd7IrAACY;all;anuncio,updateText,Day 3 - Morning Session
wRxjA4XsDc9Hd7IrAACY;all;anuncio,updateText,Day 3 - Morning Session
server;disconnect;wRxjA4XsDc9Hd7IrAACY
server;connection;ZlHWdVlX-y7fnCxVAACk
server;disconnect;ZlHWdVlX-y7fnCxVAACk
server;connection;dbI01Ue6bPPBTqR-AACm
server;disconnect;dbI01Ue6bPPBTqR-AACm
server;connection;UATFdvnj6bvj1twvAACo
server;disconnect;zvyRTGDQT132hss-AACg
server;connection;HzVwxcu1q3-yaBPZAACq
UATFdvnj6bvj1twvAACo;all;anuncio,updateText,DAY 3 - XTRACHALLENGE 2024
server;disconnect;UATFdvnj6bvj1twvAACo
server;disconnect;5BE_TwshJ5yjze3sAACa
server;connection;naVZSlMaF6DHsk2IAACs
naVZSlMaF6DHsk2IAACs;all;ranking,rankMov
naVZSlMaF6DHsk2IAACs;all;ranking,rankMov
server;disconnect;naVZSlMaF6DHsk2IAACs
server;connection;GGlseq67FEweu6PXAACu
server;disconnect;EMLfyOPWEGsB6X76AACc
server;connection;VR3Vh1dHSzDG1szIAACw
MU52R77a36ji4-QqAACi;all;puntos,vacPilo
MU52R77a36ji4-QqAACi;all;puntos,sumPil,ECLFT,1,511,animado
MU52R77a36ji4-QqAACi;all;puntos,sumPil,UCAIR,2,312,animado
MU52R77a36ji4-QqAACi;all;puntos,sumPil,SAET1,3,305,animado
MU52R77a36ji4-QqAACi;all;puntos,sumPil,G3,4,265,animado
MU52R77a36ji4-QqAACi;all;puntos,sumPil,RUHE,5,218,animado
MU52R77a36ji4-QqAACi;all;puntos,sumPil,LUFTS,6,200,animado
MU52R77a36ji4-QqAACi;all;puntos,sumPil,NTHPO,7,198,animado
MU52R77a36ji4-QqAACi;all;puntos,sumPil,SAET2,8,183,animado
MU52R77a36ji4-QqAACi;all;puntos,sumPil,TRENC,9,173,animado
MU52R77a36ji4-QqAACi;all;puntos,sumPil,MATSI,10,159,animado
MU52R77a36ji4-QqAACi;all;puntos,sumPil,UVIGA,11,138,animado
MU52R77a36ji4-QqAACi;all;puntos,sumPil,DIANA,12,123,animado
MU52R77a36ji4-QqAACi;all;puntos,sumPil,EAFT1,2,409,animado
MU52R77a36ji4-QqAACi;all;puntos,sumPil,EAFT2,3,391,animado
MU52R77a36ji4-QqAACi;all;puntos,sumPil,XALOC,6,286,animado
MU52R77a36ji4-QqAACi;all;puntos,sumPil,EAFT3,7,267,animado
server;disconnect;MU52R77a36ji4-QqAACi
server;connection;hx_W_IuB-aODnzTkAACy
server;disconnect;tDbyzvEYUssrsEXpAACe
server;connection;ledVd2H-Mx3R-MnpAAC0
hx_W_IuB-aODnzTkAACy;all;puntos,quiPil,animado,1
hx_W_IuB-aODnzTkAACy;all;puntos,vacPilo
hx_W_IuB-aODnzTkAACy;all;puntos,sumPil,ECLFT,1,511,animado
hx_W_IuB-aODnzTkAACy;all;puntos,sumPil,UCAIR,2,312,animado
hx_W_IuB-aODnzTkAACy;all;puntos,sumPil,SAET1,3,305,animado
hx_W_IuB-aODnzTkAACy;all;puntos,sumPil,G3,4,265,animado
hx_W_IuB-aODnzTkAACy;all;puntos,sumPil,RUHE,5,218,animado
hx_W_IuB-aODnzTkAACy;all;puntos,sumPil,LUFTS,6,200,animado
hx_W_IuB-aODnzTkAACy;all;puntos,sumPil,NTHPO,7,198,animado
hx_W_IuB-aODnzTkAACy;all;puntos,sumPil,SAET2,8,183,animado
hx_W_IuB-aODnzTkAACy;all;puntos,sumPil,TRENC,9,173,animado
hx_W_IuB-aODnzTkAACy;all;puntos,sumPil,MATSI,10,159,animado
hx_W_IuB-aODnzTkAACy;all;puntos,sumPil,UVIGA,11,138,animado
hx_W_IuB-aODnzTkAACy;all;puntos,sumPil,DIANA,12,123,animado
hx_W_IuB-aODnzTkAACy;all;puntos,sumPil,EAFT1,2,409,animado
hx_W_IuB-aODnzTkAACy;all;puntos,sumPil,EAFT2,3,391,animado
hx_W_IuB-aODnzTkAACy;all;puntos,sumPil,XALOC,6,286,animado
hx_W_IuB-aODnzTkAACy;all;puntos,sumPil,EAFT3,7,267,animado
hx_W_IuB-aODnzTkAACy;all;puntos,quiPil,animado,2
hx_W_IuB-aODnzTkAACy;all;puntos,quiPil,animado,2
hx_W_IuB-aODnzTkAACy;all;puntos,quiPil,animado,4
hx_W_IuB-aODnzTkAACy;all;puntos,quiPil,animado,4
hx_W_IuB-aODnzTkAACy;all;puntos,vacPilo
hx_W_IuB-aODnzTkAACy;all;puntos,vacPilo
hx_W_IuB-aODnzTkAACy;all;puntos,sumPil,ECLFT,1,560,animado
hx_W_IuB-aODnzTkAACy;all;puntos,sumPil,UCAIR,2,392,animado
hx_W_IuB-aODnzTkAACy;all;puntos,sumPil,SAET1,3,342,animado
hx_W_IuB-aODnzTkAACy;all;puntos,sumPil,G3,4,315,animado
hx_W_IuB-aODnzTkAACy;all;puntos,sumPil,RUHE,5,218,animado
hx_W_IuB-aODnzTkAACy;all;puntos,sumPil,SAET2,6,211,animado
hx_W_IuB-aODnzTkAACy;all;puntos,sumPil,LUFTS,7,201,animado
hx_W_IuB-aODnzTkAACy;all;puntos,sumPil,NTHPO,8,198,animado
hx_W_IuB-aODnzTkAACy;all;puntos,sumPil,TRENC,9,173,animado
hx_W_IuB-aODnzTkAACy;all;puntos,sumPil,MATSI,10,159,animado
hx_W_IuB-aODnzTkAACy;all;puntos,sumPil,UVIGA,11,139,animado
hx_W_IuB-aODnzTkAACy;all;puntos,sumPil,DIANA,12,123,animado
hx_W_IuB-aODnzTkAACy;all;puntos,sumPil,EAFT1,2,545,animado
hx_W_IuB-aODnzTkAACy;all;puntos,sumPil,EAFT2,3,520,animado
hx_W_IuB-aODnzTkAACy;all;puntos,sumPil,XALOC,5,389,animado
hx_W_IuB-aODnzTkAACy;all;puntos,sumPil,EAFT3,6,381,animado
server;connection;d5EJ1H_eacXDgfdaAAC2
server;disconnect;d5EJ1H_eacXDgfdaAAC2
R4E8hRo70Lx9BrxBAACE;all;team,ronda6,EAFT1,T_carga
R4E8hRo70Lx9BrxBAACE;all;show
server;connection;2w4k0MXjbrQPTC4MAAC4
2w4k0MXjbrQPTC4MAAC4;all;cronometro,ronda5,EAFT1,T_carga,start,1721980840744
2w4k0MXjbrQPTC4MAAC4;all;cronometro,ronda5,EAFT1,T_carga,pause,43319
2w4k0MXjbrQPTC4MAAC4;all;cronometro,ronda5,EAFT1,T_carga,update,43319
2w4k0MXjbrQPTC4MAAC4;all;cronometro,ronda5,EAFT1,T_carga,update,43319
server;disconnect;2w4k0MXjbrQPTC4MAAC4
server;connection;oYb6y3ioGpCyofSeAAC6
R4E8hRo70Lx9BrxBAACE;all;show
server;connection;jO2Bla_Ipi1bp5kwAAC8
server;connection;c8gHzEbjFTWaAxLLAAC-
R4E8hRo70Lx9BrxBAACE;all;show
R4E8hRo70Lx9BrxBAACE;all;team,ronda6,EAFT1,T_vuelo
R4E8hRo70Lx9BrxBAACE;all;team,ronda6,EAFT1,T_vuelo
R4E8hRo70Lx9BrxBAACE;all;team,ronda6,EAFT1,T_vuelo
R4E8hRo70Lx9BrxBAACE;all;team,ronda6,EAFT1,T_vuelo
R4E8hRo70Lx9BrxBAACE;all;team,ronda6,EAFT1,T_vuelo
R4E8hRo70Lx9BrxBAACE;all;team,ronda6,EAFT1,T_vuelo
R4E8hRo70Lx9BrxBAACE;all;team,ronda6,EAFT1,T_vuelo
R4E8hRo70Lx9BrxBAACE;all;team,ronda6,EAFT1,T_vuelo
R4E8hRo70Lx9BrxBAACE;all;team,ronda6,EAFT1,T_vuelo
R4E8hRo70Lx9BrxBAACE;all;team,ronda6,EAFT1,T_vuelo
R4E8hRo70Lx9BrxBAACE;all;team,ronda6,EAFT1,T_vuelo
R4E8hRo70Lx9BrxBAACE;all;team,ronda6,EAFT1,T_vuelo
R4E8hRo70Lx9BrxBAACE;all;team,ronda6,EAFT1,T_vuelo
R4E8hRo70Lx9BrxBAACE;all;team,ronda6,EAFT1,T_vuelo
R4E8hRo70Lx9BrxBAACE;all;team,ronda6,EAFT1,T_vuelo
R4E8hRo70Lx9BrxBAACE;all;team,ronda6,EAFT1,T_vuelo
R4E8hRo70Lx9BrxBAACE;all;team,ronda6,EAFT1,T_vuelo
server;disconnect;R4E8hRo70Lx9BrxBAACE
server;connection;xzI0ZVAkdKhNyWkEAADA
server;disconnect;oNBwS7B_9uoaFEkvAACV
server;disconnect;OcdvvTbDRcRpAhJ6AACW
server;connection;b7gf-xnb9G8N1BHuAADD
server;connection;9TP3E2Yl921oElfBAADE
b7gf-xnb9G8N1BHuAADD;message;New Cronometro!
xzI0ZVAkdKhNyWkEAADA;all;team,ronda6,EAFT1,T_carga
b7gf-xnb9G8N1BHuAADD;message;Cronometro: ronda6/EAFT1/T_carga
xzI0ZVAkdKhNyWkEAADA;all;team,ronda6,EAFT1,T_vuelo
b7gf-xnb9G8N1BHuAADD;message;Cronometro: ronda6/EAFT1/T_vuelo
xzI0ZVAkdKhNyWkEAADA;all;show
xzI0ZVAkdKhNyWkEAADA;all;show
xzI0ZVAkdKhNyWkEAADA;all;show
xzI0ZVAkdKhNyWkEAADA;all;show
xzI0ZVAkdKhNyWkEAADA;all;show
xzI0ZVAkdKhNyWkEAADA;all;show
xzI0ZVAkdKhNyWkEAADA;all;show
xzI0ZVAkdKhNyWkEAADA;all;show
xzI0ZVAkdKhNyWkEAADA;all;show
xzI0ZVAkdKhNyWkEAADA;all;show
xzI0ZVAkdKhNyWkEAADA;all;show
xzI0ZVAkdKhNyWkEAADA;all;show
xzI0ZVAkdKhNyWkEAADA;all;show
xzI0ZVAkdKhNyWkEAADA;all;hide
xzI0ZVAkdKhNyWkEAADA;all;show
xzI0ZVAkdKhNyWkEAADA;all;show
server;disconnect;xzI0ZVAkdKhNyWkEAADA
server;connection;M-_-IzUAtAEFDWoXAADG
server;disconnect;M-_-IzUAtAEFDWoXAADG
server;connection;PlvqatF_u65SmDgXAADI
server;disconnect;b7gf-xnb9G8N1BHuAADD
server;disconnect;9TP3E2Yl921oElfBAADE
server;connection;YM4MLtCFsfKowRgRAADL
server;connection;dzSLEz6boNux43JNAADM
dzSLEz6boNux43JNAADM;message;New Cronometro!
server;disconnect;YM4MLtCFsfKowRgRAADL
server;disconnect;dzSLEz6boNux43JNAADM
server;connection;20Gw9kVQEGH8hkqzAADP
server;connection;pLjlaJKzJNpIDg0PAADQ
20Gw9kVQEGH8hkqzAADP;message;New Cronometro!
server;disconnect;oYb6y3ioGpCyofSeAAC6
jO2Bla_Ipi1bp5kwAAC8;all;cronometro,ronda5,EAFT1,T_vuelo,start,1721981218461
jO2Bla_Ipi1bp5kwAAC8;all;cronometro,ronda5,EAFT1,T_vuelo,pause,87578
jO2Bla_Ipi1bp5kwAAC8;all;cronometro,ronda5,EAFT1,T_vuelo,update,87578
server;disconnect;jO2Bla_Ipi1bp5kwAAC8
server;connection;NZ9fSoMfdboCHPd7AADS
server;connection;RqjEoffbfqFqnyQkAADV
server;disconnect;NZ9fSoMfdboCHPd7AADS
server;disconnect;c8gHzEbjFTWaAxLLAAC-
server;connection;esY2zsDwzdT1X-JhAADX
server;connection;2uuGn4ggJBUQ9-PXAADZ
2uuGn4ggJBUQ9-PXAADZ;all;cronometro,ronda4,XALOC,T_vuelo,start,1721981575776
2uuGn4ggJBUQ9-PXAADZ;all;cronometro,ronda4,XALOC,T_vuelo,pause,80579
server;disconnect;RqjEoffbfqFqnyQkAADV
2uuGn4ggJBUQ9-PXAADZ;all;cronometro,ronda4,XALOC,T_vuelo,update,80579
server;disconnect;2uuGn4ggJBUQ9-PXAADZ
server;connection;k06g8RRkRK3ceOrOAADb
server;disconnect;esY2zsDwzdT1X-JhAADX
PlvqatF_u65SmDgXAADI;all;team,ronda5,EAFT2,T_vuelo
PlvqatF_u65SmDgXAADI;all;team,ronda5,EAFT2,T_vuelo
server;disconnect;k06g8RRkRK3ceOrOAADb
server;connection;F3PWfLWJd9r_rvkCAADd
server;disconnect;F3PWfLWJd9r_rvkCAADd
server;connection;E27dJGANtEYeZ8sfAADf
PlvqatF_u65SmDgXAADI;all;team,ronda5,EAFT2,T_vuelo
PlvqatF_u65SmDgXAADI;all;team,ronda5,EAFT2,T_vuelo
server;connection;I9Vg5qF1uQ1RafVhAADh
PlvqatF_u65SmDgXAADI;all;team,ronda5,EAFT2,T_vuelo
PlvqatF_u65SmDgXAADI;all;team,ronda5,EAFT2,T_vuelo
PlvqatF_u65SmDgXAADI;all;team,ronda5,EAFT2,T_vuelo
PlvqatF_u65SmDgXAADI;all;team,ronda5,EAFT2,T_vuelo
PlvqatF_u65SmDgXAADI;all;team,ronda5,EAFT2,T_vuelo
PlvqatF_u65SmDgXAADI;all;team,ronda5,EAFT2,T_vuelo
server;disconnect;E27dJGANtEYeZ8sfAADf
server;disconnect;pLjlaJKzJNpIDg0PAADQ
server;disconnect;20Gw9kVQEGH8hkqzAADP
server;connection;CDGZK_7Jiv3Y2d0vAADk
server;connection;wc1ScP43u2e01OzTAADl
wc1ScP43u2e01OzTAADl;message;New Cronometro!
server;disconnect;CDGZK_7Jiv3Y2d0vAADk
server;disconnect;wc1ScP43u2e01OzTAADl
server;connection;nlPzaO9lttboV0V8AADo
server;connection;UCLqDnEOZREBz5doAADp
nlPzaO9lttboV0V8AADo;message;New Cronometro!
server;disconnect;nlPzaO9lttboV0V8AADo
server;disconnect;UCLqDnEOZREBz5doAADp
server;connection;lssrtjMRH8oKxd-EAADs
server;connection;sTMolN3HKnkDSyi2AADt
sTMolN3HKnkDSyi2AADt;message;New Cronometro!
server;disconnect;lssrtjMRH8oKxd-EAADs
server;disconnect;sTMolN3HKnkDSyi2AADt
server;connection;59YjyYxOQyDXWk8bAADw
server;connection;43UtrodI0Zy-SMaaAADx
43UtrodI0Zy-SMaaAADx;message;New Cronometro!
PlvqatF_u65SmDgXAADI;all;team,ronda5,EAFT2,T_vuelo
43UtrodI0Zy-SMaaAADx;message;Cronometro: ronda5/EAFT2/T_vuelo
PlvqatF_u65SmDgXAADI;all;team,ronda5,EAFT2,T_vuelo
43UtrodI0Zy-SMaaAADx;message;Cronometro: ronda5/EAFT2/T_vuelo
PlvqatF_u65SmDgXAADI;all;team,ronda5,EAFT2,T_vuelo
43UtrodI0Zy-SMaaAADx;message;Cronometro: ronda5/EAFT2/T_vuelo
server;disconnect;I9Vg5qF1uQ1RafVhAADh
server;disconnect;59YjyYxOQyDXWk8bAADw
server;disconnect;43UtrodI0Zy-SMaaAADx
server;disconnect;PlvqatF_u65SmDgXAADI
server;connection;08tIPtiYCCXpJEjDAADz
server;disconnect;08tIPtiYCCXpJEjDAADz
server;connection;Po0IKGHJZkhT9KizAAD1
server;disconnect;Po0IKGHJZkhT9KizAAD1
server;connection;zcwc4tiTpx3wG8S9AAD3
zcwc4tiTpx3wG8S9AAD3;all;team,ronda5,EAFT2,T_vuelo
zcwc4tiTpx3wG8S9AAD3;all;team,ronda5,EAFT2,T_vuelo
zcwc4tiTpx3wG8S9AAD3;all;team,ronda5,EAFT2,T_vuelo
zcwc4tiTpx3wG8S9AAD3;all;team,ronda5,EAFT2,T_vuelo
zcwc4tiTpx3wG8S9AAD3;all;team,ronda5,EAFT2,T_vuelo
zcwc4tiTpx3wG8S9AAD3;all;team,ronda5,EAFT2,T_vuelo
zcwc4tiTpx3wG8S9AAD3;all;team,ronda5,EAFT2,T_vuelo
zcwc4tiTpx3wG8S9AAD3;all;team,ronda5,EAFT2,T_vuelo
zcwc4tiTpx3wG8S9AAD3;all;team,ronda5,EAFT2,T_vuelo
zcwc4tiTpx3wG8S9AAD3;all;team,ronda5,EAFT2,T_vuelo
zcwc4tiTpx3wG8S9AAD3;all;team,ronda5,EAFT2,T_vuelo
zcwc4tiTpx3wG8S9AAD3;all;team,ronda5,EAFT2,T_vuelo
zcwc4tiTpx3wG8S9AAD3;all;team,ronda5,EAFT2,T_vuelo
zcwc4tiTpx3wG8S9AAD3;all;team,ronda5,EAFT2,T_vuelo
zcwc4tiTpx3wG8S9AAD3;all;team,ronda5,EAFT2,T_vuelo
zcwc4tiTpx3wG8S9AAD3;all;team,ronda5,EAFT2,T_vuelo
server;connection;rjwcerr9Zrk2saoWAAD5
server;connection;Jd4Mjas3XMVWBqEHAAD8
server;connection;bXSKu-XcsbfkRiz9AAD9
Jd4Mjas3XMVWBqEHAAD8;message;New Cronometro!
rjwcerr9Zrk2saoWAAD5;all;cronometro,ronda5,EAFT2,T_vuelo,start,1721982346762
server;disconnect;zcwc4tiTpx3wG8S9AAD3
server;connection;N4yuLOPjuFjxnSyhAAD_
server;connection;gO867XWcXdOjYuoAAAEC
server;connection;-kaCNzmfy7Mv3JY-AAED
gO867XWcXdOjYuoAAAEC;message;New Cronometro!
server;disconnect;-kaCNzmfy7Mv3JY-AAED
server;disconnect;gO867XWcXdOjYuoAAAEC
server;connection;jWA6lYZG1Bm4yKE7AAEG
server;connection;FsrosIPvvulwYatfAAEH
FsrosIPvvulwYatfAAEH;message;New Cronometro!
server;disconnect;jWA6lYZG1Bm4yKE7AAEG
server;disconnect;FsrosIPvvulwYatfAAEH
server;connection;b8CWsF9vfyg4l3z4AAEK
server;connection;SG4VRkblq21-65_hAAEL
b8CWsF9vfyg4l3z4AAEK;message;New Cronometro!
N4yuLOPjuFjxnSyhAAD_;all;team,ronda5,EAFT2,T_vuelo
b8CWsF9vfyg4l3z4AAEK;message;Cronometro: ronda5/EAFT2/T_vuelo
N4yuLOPjuFjxnSyhAAD_;all;team,ronda5,EAFT2,T_vuelo
b8CWsF9vfyg4l3z4AAEK;message;Cronometro: ronda5/EAFT2/T_vuelo
N4yuLOPjuFjxnSyhAAD_;all;team,ronda5,EAFT2,T_vuelo
b8CWsF9vfyg4l3z4AAEK;message;Cronometro: ronda5/EAFT2/T_vuelo
N4yuLOPjuFjxnSyhAAD_;all;team,ronda5,EAFT2,T_vuelo
b8CWsF9vfyg4l3z4AAEK;message;Cronometro: ronda5/EAFT2/T_vuelo
N4yuLOPjuFjxnSyhAAD_;all;team,ronda5,EAFT2,T_vuelo
b8CWsF9vfyg4l3z4AAEK;message;Cronometro: ronda5/EAFT2/T_vuelo
N4yuLOPjuFjxnSyhAAD_;all;team,ronda5,EAFT2,T_vuelo
b8CWsF9vfyg4l3z4AAEK;message;Cronometro: ronda5/EAFT2/T_vuelo
N4yuLOPjuFjxnSyhAAD_;all;team,ronda5,EAFT2,T_vuelo
b8CWsF9vfyg4l3z4AAEK;message;Cronometro: ronda5/EAFT2/T_vuelo
N4yuLOPjuFjxnSyhAAD_;all;team,ronda5,EAFT2,T_vuelo
b8CWsF9vfyg4l3z4AAEK;message;Cronometro: ronda5/EAFT2/T_vuelo
server;connection;eDGlkr6c1ykLCicqAAEO
server;disconnect;eDGlkr6c1ykLCicqAAEO
rjwcerr9Zrk2saoWAAD5;all;cronometro,ronda5,EAFT2,T_vuelo,pause,123267
rjwcerr9Zrk2saoWAAD5;all;cronometro,ronda5,EAFT2,T_vuelo,update,123267
server;disconnect;rjwcerr9Zrk2saoWAAD5
server;connection;HET0GaoySt5V7fYhAAEQ
server;disconnect;HET0GaoySt5V7fYhAAEQ
server;disconnect;Jd4Mjas3XMVWBqEHAAD8
server;disconnect;bXSKu-XcsbfkRiz9AAD9
server;connection;KHxYgribEntHdhX4AAET
server;connection;1-1QnhRCqHjN5XxIAAEU
KHxYgribEntHdhX4AAET;message;New Cronometro!
server;disconnect;SG4VRkblq21-65_hAAEL
server;disconnect;b8CWsF9vfyg4l3z4AAEK
server;connection;DVez0s7jiyyRCOqdAAEX
server;connection;9bkB-64B_rWg9DBxAAEY
DVez0s7jiyyRCOqdAAEX;message;New Cronometro!
N4yuLOPjuFjxnSyhAAD_;all;team,ronda5,EAFT2,T_vuelo
DVez0s7jiyyRCOqdAAEX;message;Cronometro: ronda5/EAFT2/T_vuelo
N4yuLOPjuFjxnSyhAAD_;all;team,ronda5,EAFT2,T_carga
DVez0s7jiyyRCOqdAAEX;message;Cronometro: ronda5/EAFT2/T_carga
server;connection;jhb5NifLPsKC2slzAAEb
server;connection;Wz5Vg1N8sND_A6lAAAEd
server;connection;-Mscz52_7pffEiLsAAEf
server;disconnect;-Mscz52_7pffEiLsAAEf
server;connection;9sSTBhRzS-8r6RHXAAEh
server;disconnect;9sSTBhRzS-8r6RHXAAEh
N4yuLOPjuFjxnSyhAAD_;all;show
server;connection;2N2UlKfvuOZCfxL7AAEj
N4yuLOPjuFjxnSyhAAD_;all;show
N4yuLOPjuFjxnSyhAAD_;all;show
2N2UlKfvuOZCfxL7AAEj;all;cronometro,ronda5,EAFT2,T_vuelo,start,1721983046328
2N2UlKfvuOZCfxL7AAEj;all;cronometro,ronda5,EAFT2,T_vuelo,pause,84291
server;disconnect;9bkB-64B_rWg9DBxAAEY
server;disconnect;DVez0s7jiyyRCOqdAAEX
server;connection;d9OhoeLkw8soJD5uAAEm
server;connection;7sxqx2eYEqo_LeHIAAEn
d9OhoeLkw8soJD5uAAEm;message;New Cronometro!
N4yuLOPjuFjxnSyhAAD_;all;team,ronda5,EAFT2,T_vuelo
d9OhoeLkw8soJD5uAAEm;message;Cronometro: ronda5/EAFT2/T_vuelo
N4yuLOPjuFjxnSyhAAD_;all;team,ronda5,EAFT2,T_vuelo
d9OhoeLkw8soJD5uAAEm;message;Cronometro: ronda5/EAFT2/T_vuelo
2N2UlKfvuOZCfxL7AAEj;all;cronometro,ronda5,EAFT2,T_vuelo,update,84291
server;disconnect;2N2UlKfvuOZCfxL7AAEj
server;connection;sRwI_iOlelOMV6xAAAEp
server;disconnect;sRwI_iOlelOMV6xAAAEp
N4yuLOPjuFjxnSyhAAD_;all;team,ronda5,EAFT2,T_vuelo
server;disconnect;N4yuLOPjuFjxnSyhAAD_
server;connection;RH1nd_itOMRaX9bbAAEr
RH1nd_itOMRaX9bbAAEr;all;team,ronda5,EAFT2,T_vuelo
RH1nd_itOMRaX9bbAAEr;all;team,ronda5,EAFT2,T_vuelo
Wz5Vg1N8sND_A6lAAAEd;all;cronometro,ronda6,RUHE,T_carga,start,1721983274374
Wz5Vg1N8sND_A6lAAAEd;all;cronometro,ronda6,RUHE,T_carga,pause,6729
server;disconnect;jhb5NifLPsKC2slzAAEb
server;disconnect;Wz5Vg1N8sND_A6lAAAEd
server;connection;-64ZEEBHV39HFFP9AAEt
-64ZEEBHV39HFFP9AAEt;all;cronometro,ronda6,SAET1,T_carga,start,1721983916762
RH1nd_itOMRaX9bbAAEr;all;team,ronda6,RUHE,T_vuelo
server;connection;qCTRDUzcc8jC7513AAEw
server;connection;ejDEtBOT3AHiEDNsAAEx
RH1nd_itOMRaX9bbAAEr;all;team,ronda6,RUHE,T_vuelo
server;disconnect;qCTRDUzcc8jC7513AAEw
server;disconnect;ejDEtBOT3AHiEDNsAAEx
-64ZEEBHV39HFFP9AAEt;all;cronometro,ronda6,SAET1,T_carga,pause,32039
server;connection;sO4yqx5h-peRuvaLAAEz
sO4yqx5h-peRuvaLAAEz;all;cronometro,ronda6,RUHE,T_vuelo,start,1721983961527
sO4yqx5h-peRuvaLAAEz;all;cronometro,ronda6,RUHE,T_vuelo,pause,3308
-64ZEEBHV39HFFP9AAEt;all;cronometro,ronda6,SAET1,T_carga,update,32039
sO4yqx5h-peRuvaLAAEz;all;cronometro,ronda6,RUHE,T_vuelo,reset
server;disconnect;-64ZEEBHV39HFFP9AAEt
server;connection;C4h8NlNXIBwky1DGAAE1
server;disconnect;1-1QnhRCqHjN5XxIAAEU
server;disconnect;KHxYgribEntHdhX4AAET
server;connection;QeM7TQNX5xplDy7ZAAE4
QeM7TQNX5xplDy7ZAAE4;message;New Cronometro!
server;connection;Xy8ZCF3qs5eW1x34AAE5
RH1nd_itOMRaX9bbAAEr;all;team,ronda6,RUHE,T_vuelo
QeM7TQNX5xplDy7ZAAE4;message;Cronometro: ronda6/RUHE/T_vuelo
RH1nd_itOMRaX9bbAAEr;all;show
server;disconnect;7sxqx2eYEqo_LeHIAAEn
server;disconnect;d9OhoeLkw8soJD5uAAEm
server;connection;kmB4Gs6USKfMZRfxAAE8
server;connection;wFoilHagZCSXoGyBAAE9
wFoilHagZCSXoGyBAAE9;message;New Cronometro!
RH1nd_itOMRaX9bbAAEr;all;team,ronda6,RUHE,T_vuelo
wFoilHagZCSXoGyBAAE9;message;Cronometro: ronda6/RUHE/T_vuelo
RH1nd_itOMRaX9bbAAEr;all;show
sO4yqx5h-peRuvaLAAEz;all;cronometro,ronda6,RUHE,T_vuelo,start,1721984011860
sO4yqx5h-peRuvaLAAEz;all;cronometro,ronda6,RUHE,T_vuelo,pause,5072
server;disconnect;wFoilHagZCSXoGyBAAE9
server;disconnect;kmB4Gs6USKfMZRfxAAE8
server;connection;VPiH29MoLGUmp5nHAAFA
server;connection;F71qFZHIWSBb09d_AAFB
VPiH29MoLGUmp5nHAAFA;message;New Cronometro!
sO4yqx5h-peRuvaLAAEz;all;cronometro,ronda6,RUHE,T_vuelo,reset
server;connection;86ZAx4V1SE41HNKvAAFD
server;disconnect;86ZAx4V1SE41HNKvAAFD
server;connection;1K9DgHacNSS3qS9SAAFF
server;disconnect;1K9DgHacNSS3qS9SAAFF
server;connection;YVqgB7w-hUo1krG9AAFH
server;disconnect;C4h8NlNXIBwky1DGAAE1
YVqgB7w-hUo1krG9AAFH;all;cronometro,ronda6,RUHE,T_vuelo,start,1721984247010
YVqgB7w-hUo1krG9AAFH;all;cronometro,ronda6,RUHE,T_vuelo,pause,123566
YVqgB7w-hUo1krG9AAFH;all;cronometro,ronda6,RUHE,T_vuelo,update,123566
server;disconnect;YVqgB7w-hUo1krG9AAFH
server;connection;vm9y7vhDE14HAuZ4AAFJ
server;disconnect;vm9y7vhDE14HAuZ4AAFJ
server;connection;-1ZgrO7so4YizZdBAAFL
server;disconnect;-1ZgrO7so4YizZdBAAFL
server;connection;xmLcpuiyWeqNBRspAAFN
RH1nd_itOMRaX9bbAAEr;all;team,ronda6,SAET1,T_vuelo
RH1nd_itOMRaX9bbAAEr;all;show
server;disconnect;F71qFZHIWSBb09d_AAFB
server;disconnect;VPiH29MoLGUmp5nHAAFA
server;connection;0IbRb0RjQm2Bs-1PAAFQ
server;connection;h6WumsF5ptjZOhatAAFR
0IbRb0RjQm2Bs-1PAAFQ;message;New Cronometro!
xmLcpuiyWeqNBRspAAFN;all;cronometro,ronda6,SAET1,T_vuelo,start,1721984735442
server;connection;NFndkd2C92SBw-YGAAFT
server;connection;-9y0bsRU8OFA5-U2AAFV
-9y0bsRU8OFA5-U2AAFV;all;cronometro,ronda6,LUFTS,T_carga,reset
xmLcpuiyWeqNBRspAAFN;all;cronometro,ronda6,SAET1,T_vuelo,pause,135328
xmLcpuiyWeqNBRspAAFN;all;cronometro,ronda6,SAET1,T_vuelo,update,135328
server;disconnect;xmLcpuiyWeqNBRspAAFN
server;connection;hqzUOlAm9MsAnT58AAFX
-9y0bsRU8OFA5-U2AAFV;all;cronometro,ronda6,LUFTS,T_carga,start,1721984917028
server;disconnect;hqzUOlAm9MsAnT58AAFX
-9y0bsRU8OFA5-U2AAFV;all;cronometro,ronda6,LUFTS,T_carga,pause,23993
server;disconnect;NFndkd2C92SBw-YGAAFT
server;disconnect;-9y0bsRU8OFA5-U2AAFV
server;connection;PxajNHfrr9SGygU2AAFZ
PxajNHfrr9SGygU2AAFZ;all;cronometro,ronda6,DIANA,T_vuelo,start,1721985271457
server;disconnect;PxajNHfrr9SGygU2AAFZ
server;connection;JEZdk-tdOkok0wDLAAFb
JEZdk-tdOkok0wDLAAFb;all;cronometro,ronda6,DIANA,T_vuelo,pause,145901
JEZdk-tdOkok0wDLAAFb;all;cronometro,ronda6,DIANA,T_vuelo,start,1721985320834
JEZdk-tdOkok0wDLAAFb;all;cronometro,ronda6,DIANA,T_vuelo,pause,146004
server;disconnect;JEZdk-tdOkok0wDLAAFb
server;connection;ITCXI5jEm8tV_qEHAAFd
ITCXI5jEm8tV_qEHAAFd;all;cronometro,ronda6,DIANA,T_vuelo,update,146004
server;disconnect;ITCXI5jEm8tV_qEHAAFd
server;connection;eCX5AZTq7rSrUMWrAAFf
server;disconnect;eCX5AZTq7rSrUMWrAAFf
server;connection;kx-cdNQSde7HNspaAAFh
server;disconnect;kx-cdNQSde7HNspaAAFh
server;connection;FMJH1Tnhqg1NnPJSAAFj
server;disconnect;FMJH1Tnhqg1NnPJSAAFj
server;connection;WcemvAOckr5MLM5pAAFl
server;disconnect;WcemvAOckr5MLM5pAAFl
server;connection;rJeYA22kT7jm8sKzAAFn
server;disconnect;rJeYA22kT7jm8sKzAAFn
server;connection;JOqBG7mI_DS5SoRzAAFp
server;disconnect;JOqBG7mI_DS5SoRzAAFp
server;connection;zXv2ccfLTzb9EljMAAFr
zXv2ccfLTzb9EljMAAFr;all;cronometro,ronda6,LUFTS,T_vuelo,start,1721986332241
server;disconnect;zXv2ccfLTzb9EljMAAFr
server;connection;AYA85Eisb46xAhpOAAFt
AYA85Eisb46xAhpOAAFt;all;cronometro,ronda6,LUFTS,T_vuelo,pause,136066
server;disconnect;AYA85Eisb46xAhpOAAFt
server;connection;zlXvvAFMkpZClbX7AAFv
server;disconnect;zlXvvAFMkpZClbX7AAFv
server;connection;MWVIRo5TpAEGVxy1AAFx
server;disconnect;MWVIRo5TpAEGVxy1AAFx
server;disconnect;GvnUSt4MG1zTFbw_AAFz
server;connection;4XZU8Aa54otFBP_3AAF1
4XZU8Aa54otFBP_3AAF1;all;cronometro,ronda6,SAET2,T_vuelo,start,1721987066442
server;disconnect;4XZU8Aa54otFBP_3AAF1
server;connection;tvptnC48QRTeh59gAAF3
tvptnC48QRTeh59gAAF3;all;cronometro,ronda6,SAET2,T_vuelo,pause,108288
tvptnC48QRTeh59gAAF3;all;cronometro,ronda6,SAET2,T_vuelo,update,108288
server;disconnect;tvptnC48QRTeh59gAAF3
server;connection;sokESRO3RzuZsYbaAAF5
server;disconnect;sokESRO3RzuZsYbaAAF5
server;connection;0wrl8rf6DuTyAJvcAAF7
0wrl8rf6DuTyAJvcAAF7;all;cronometro,ronda6,ECLFT,T_carga,start,1721987538705
server;connection;UpK91J6oH54hFoNVAAF9
server;connection;y8o1inb7Ej8h4mO9AAF_
y8o1inb7Ej8h4mO9AAF_;all;cronometro,ronda6,UCAIR,T_carga,start,1721987600353
server;connection;1yIujWJ1_yT0n-6xAAGB
server;disconnect;1yIujWJ1_yT0n-6xAAGB
0wrl8rf6DuTyAJvcAAF7;all;cronometro,ronda6,ECLFT,T_carga,pause,224789
0wrl8rf6DuTyAJvcAAF7;all;cronometro,ronda6,ECLFT,T_carga,start,1721987548781
server;disconnect;GGlseq67FEweu6PXAACu
server;connection;a_3CBjeh0bhhRRtxAAGD
server;disconnect;a_3CBjeh0bhhRRtxAAGD
server;disconnect;hx_W_IuB-aODnzTkAACy
server;disconnect;RH1nd_itOMRaX9bbAAEr
0wrl8rf6DuTyAJvcAAF7;all;cronometro,ronda6,ECLFT,T_carga,pause,289436
0wrl8rf6DuTyAJvcAAF7;all;cronometro,ronda6,ECLFT,T_carga,update,289436
server;disconnect;0wrl8rf6DuTyAJvcAAF7
server;connection;RZcP3ZHjDEer9ny4AAGF
server;disconnect;UpK91J6oH54hFoNVAAF9
y8o1inb7Ej8h4mO9AAF_;all;cronometro,ronda6,UCAIR,T_carga,pause,323662
y8o1inb7Ej8h4mO9AAF_;all;cronometro,ronda6,UCAIR,T_carga,update,323662
server;disconnect;y8o1inb7Ej8h4mO9AAF_
server;connection;fKOrboJa58CsXSvMAAGH
server;connection;RoLg_iWc9pIGUHbrAAGJ
server;disconnect;RZcP3ZHjDEer9ny4AAGF
RoLg_iWc9pIGUHbrAAGJ;all;cronometro,ronda6,G3,T_vuelo,start,1721988220371
server;disconnect;fKOrboJa58CsXSvMAAGH
RoLg_iWc9pIGUHbrAAGJ;all;cronometro,ronda6,G3,T_vuelo,pause,152155
RoLg_iWc9pIGUHbrAAGJ;all;cronometro,ronda6,G3,T_vuelo,update,152155
server;disconnect;RoLg_iWc9pIGUHbrAAGJ
server;connection;Z13kwjN1JDERRyd7AAGL
server;disconnect;Z13kwjN1JDERRyd7AAGL
server;connection;c0tiOxer4WAwL6xjAAGQ
server;connection;DfK0fc6nY7eUfNK0AAGS
server;connection;ZZwQe5WWSTfDfvohAAGU
server;connection;ImTz8wJkMcS4WYowAAGW
server;connection;MHoRtivTNti7HfRMAAGZ
server;disconnect;MHoRtivTNti7HfRMAAGZ
server;disconnect;ImTz8wJkMcS4WYowAAGW
server;connection;Reqr3fH5vf68c6PHAAGb
Reqr3fH5vf68c6PHAAGb;all;cronometro,ronda6,UCAIR,T_vuelo,start,1721988580375
Reqr3fH5vf68c6PHAAGb;all;cronometro,ronda6,UCAIR,T_vuelo,pause,226
Reqr3fH5vf68c6PHAAGb;all;cronometro,ronda6,UCAIR,T_vuelo,start,1721988581524
Reqr3fH5vf68c6PHAAGb;all;cronometro,ronda6,UCAIR,T_vuelo,pause,137368
Reqr3fH5vf68c6PHAAGb;all;cronometro,ronda6,UCAIR,T_vuelo,start,1721988618606
Reqr3fH5vf68c6PHAAGb;all;cronometro,ronda6,UCAIR,T_vuelo,pause,138896
Reqr3fH5vf68c6PHAAGb;all;cronometro,ronda6,UCAIR,T_vuelo,update,138896
server;disconnect;Reqr3fH5vf68c6PHAAGb
server;connection;dtSwD5poGUieJAVAAAGd
server;disconnect;dtSwD5poGUieJAVAAAGd
server;connection;thp7qKvu4Qva3lo1AAGf
server;disconnect;thp7qKvu4Qva3lo1AAGf
server;connection;v9dpAsLlLSyO1G-eAAGh
server;disconnect;v9dpAsLlLSyO1G-eAAGh
server;connection;3OAqx4mB21KvqartAAGj
server;disconnect;ZZwQe5WWSTfDfvohAAGU
server;disconnect;DfK0fc6nY7eUfNK0AAGS
server;connection;sPlY1mcDsjYN1yQJAAGl
server;disconnect;sPlY1mcDsjYN1yQJAAGl
server;connection;mbJiArzERd01QTN1AAGn
server;disconnect;mbJiArzERd01QTN1AAGn
server;connection;tS8jIrnNqJThdNipAAGp
server;disconnect;VR3Vh1dHSzDG1szIAACw
server;connection;XF2NuqgK2GqVqNjhAAGr
server;disconnect;3OAqx4mB21KvqartAAGj
tS8jIrnNqJThdNipAAGp;all;ranking,camRon,5
tS8jIrnNqJThdNipAAGp;all;ranking,sumPil,EAFT1,1,1:28:0,0.934,animado,Correcto
tS8jIrnNqJThdNipAAGp;all;ranking,quiPil,seco,2c_AN
tS8jIrnNqJThdNipAAGp;all;ranking,sumPil,XALOC,1,1:21:0,0.694,animado,Correcto
tS8jIrnNqJThdNipAAGp;all;ranking,sumPil,EAFT3,3,2:03:0,1.13,animado,Correcto
server;connection;RJeMpW86QPN8BFvyAAGt
RJeMpW86QPN8BFvyAAGt;all;cronometro,ronda6,ECLFT,T_vuelo,start,1721989045233
server;disconnect;tS8jIrnNqJThdNipAAGp
server;connection;ss03zcdmU8rEsomrAAGv
server;disconnect;ss03zcdmU8rEsomrAAGv
server;connection;OqygyfA9UzEbqIAaAAGx
server;disconnect;XF2NuqgK2GqVqNjhAAGr
server;connection;HkxYsZONAQiVfB4IAAGz
server;disconnect;HkxYsZONAQiVfB4IAAGz
server;connection;5jLFAhFEUsiKmLzUAAG1
server;disconnect;5jLFAhFEUsiKmLzUAAG1
server;connection;zFDHiweqyd-f3ThLAAG3
OqygyfA9UzEbqIAaAAGx;all;ranking,quiPil,animado,1c_AN
server;disconnect;zFDHiweqyd-f3ThLAAG3
server;connection;NQHPCFmP09OUlkRyAAG5
server;disconnect;NQHPCFmP09OUlkRyAAG5
server;connection;vCLCbiih5bKXbU25AAG7
OqygyfA9UzEbqIAaAAGx;all;ranking,camRon,5
OqygyfA9UzEbqIAaAAGx;all;ranking,sumPil,EAFT1,1,1:28:0,0,animado,Correcto
OqygyfA9UzEbqIAaAAGx;all;ranking,sumPil,EAFT2,1,1:24:0,0,animado,Correcto
OqygyfA9UzEbqIAaAAGx;all;ranking,sumPil,EAFT3,3,2:03:0,1.13,animado,Correcto
OqygyfA9UzEbqIAaAAGx;all;ranking,vacPilo
OqygyfA9UzEbqIAaAAGx;all;ranking,sumPil,EAFT3,1,2:03:0,1.13,animado,Correcto
OqygyfA9UzEbqIAaAAGx;all;ranking,sumPil,EAFT2,1,1:24:0,0.968,animado,Correcto
OqygyfA9UzEbqIAaAAGx;all;ranking,sumPil,EAFT1,2,1:28:0,0.934,animado,Correcto
OqygyfA9UzEbqIAaAAGx;all;ranking,sumPil,XALOC,1,1:21:0,0.694,animado,Correcto
RJeMpW86QPN8BFvyAAGt;all;cronometro,ronda6,ECLFT,T_vuelo,pause,118604
OqygyfA9UzEbqIAaAAGx;all;ranking,sumPil,RUHE,4,1:28:0,0.332,animado,Correcto
OqygyfA9UzEbqIAaAAGx;all;ranking,quiPil,animado,4c
OqygyfA9UzEbqIAaAAGx;all;ranking,sumPil,RUHE,5,2:04:0,0.332,animado,Correcto
OqygyfA9UzEbqIAaAAGx;all;ranking,sumPil,SAET1,6,2:15:0,0.632,animado,Correcto
OqygyfA9UzEbqIAaAAGx;all;ranking,sumPil,LUFTS,7,2:16:0,0.723,animado,Correcto
OqygyfA9UzEbqIAaAAGx;all;ranking,sumPil,SAET2,4,1:48:0,0.596,animado,Correcto
OqygyfA9UzEbqIAaAAGx;all;ranking,sumPil,G3,9,2:32:0,0.498,animado,Correcto
RJeMpW86QPN8BFvyAAGt;all;cronometro,ronda6,ECLFT,T_vuelo,update,118604
server;disconnect;RJeMpW86QPN8BFvyAAGt
server;connection;2rty5q4cOoB2aRz9AAG9
OqygyfA9UzEbqIAaAAGx;all;ranking,sumPil,UCAIR,9,2:19:0,0.596,animado,Correcto
server;disconnect;2rty5q4cOoB2aRz9AAG9
OqygyfA9UzEbqIAaAAGx;all;ranking,sumPil,ECLFT,5,1:59:0,0.56,animado,Correcto
OqygyfA9UzEbqIAaAAGx;all;ranking,quiPil,animado,9c
OqygyfA9UzEbqIAaAAGx;all;ranking,sumPil,LUFTS,1,0:00:0,0,animado,Ilegal
server;connection;2HeffXsbHpXsGZGAAAHA
server;disconnect;2HeffXsbHpXsGZGAAAHA
OqygyfA9UzEbqIAaAAGx;all;ranking,camRon,6
OqygyfA9UzEbqIAaAAGx;all;ranking,camRon,6
OqygyfA9UzEbqIAaAAGx;all;ranking,camRon,6
server;connection;ZyL9n50_slMFxibYAAHD
server;disconnect;OqygyfA9UzEbqIAaAAGx
server;disconnect;c0tiOxer4WAwL6xjAAGQ
server;disconnect;ZyL9n50_slMFxibYAAHD
server;connection;um07Db-I7XJyNcVvAAHF
server;connection;CBL-pRnWu7MWwbDFAAHJ
server;disconnect;CBL-pRnWu7MWwbDFAAHJ
server;connection;3eZXhPBVC1tWKak8AAHL
server;disconnect;ledVd2H-Mx3R-MnpAAC0
server;connection;YlM_Oob9K1_wa2u4AAHN
server;connection;ut79r-UY-tmvll7BAAHP
3eZXhPBVC1tWKak8AAHL;all;puntos,quiPil,animado,1
3eZXhPBVC1tWKak8AAHL;all;puntos,vacPilo
3eZXhPBVC1tWKak8AAHL;all;puntos,sumPil,ECLFT,1,560,animado
3eZXhPBVC1tWKak8AAHL;all;puntos,sumPil,UCAIR,2,404,animado
3eZXhPBVC1tWKak8AAHL;all;puntos,sumPil,SAET1,3,397,animado
3eZXhPBVC1tWKak8AAHL;all;puntos,sumPil,G3,4,315,animado
3eZXhPBVC1tWKak8AAHL;all;puntos,sumPil,SAET2,5,267,animado
3eZXhPBVC1tWKak8AAHL;all;puntos,sumPil,LUFTS,6,248,animado
3eZXhPBVC1tWKak8AAHL;all;puntos,sumPil,RUHE,7,222,animado
3eZXhPBVC1tWKak8AAHL;all;puntos,sumPil,NTHPO,8,198,animado
3eZXhPBVC1tWKak8AAHL;all;puntos,sumPil,TRENC,9,173,animado
3eZXhPBVC1tWKak8AAHL;all;puntos,sumPil,MATSI,10,159,animado
3eZXhPBVC1tWKak8AAHL;all;puntos,sumPil,UVIGA,11,139,animado
3eZXhPBVC1tWKak8AAHL;all;puntos,sumPil,DIANA,12,123,animado
3eZXhPBVC1tWKak8AAHL;all;puntos,sumPil,EAFT1,1,675,animado
3eZXhPBVC1tWKak8AAHL;all;puntos,sumPil,EAFT2,2,647,animado
3eZXhPBVC1tWKak8AAHL;all;puntos,sumPil,XALOC,4,491,animado
3eZXhPBVC1tWKak8AAHL;all;puntos,sumPil,EAFT3,4,514,animado
server;disconnect;um07Db-I7XJyNcVvAAHF
server;disconnect;ut79r-UY-tmvll7BAAHP
server;disconnect;3eZXhPBVC1tWKak8AAHL
server;connection;IPk1zmmJSjA5lOv2AAHR
IPk1zmmJSjA5lOv2AAHR;all;cronometro,ronda6,EAFT2,T_vuelo,start,1721993928517
IPk1zmmJSjA5lOv2AAHR;all;cronometro,ronda6,EAFT2,T_vuelo,pause,90684
server;disconnect;IPk1zmmJSjA5lOv2AAHR
server;connection;JoEay1RZ-rdPBr1zAAHT
server;disconnect;JoEay1RZ-rdPBr1zAAHT
server;connection;Dk5ztnYEmisUsAAmAAHV
Dk5ztnYEmisUsAAmAAHV;all;cronometro,,XALOC,T_vuelo,start,1721994256572
Dk5ztnYEmisUsAAmAAHV;all;cronometro,,XALOC,T_vuelo,pause,87229
Dk5ztnYEmisUsAAmAAHV;all;cronometro,,XALOC,T_vuelo,update,87229
server;disconnect;Dk5ztnYEmisUsAAmAAHV
server;connection;N8UzT0WxwFkwRTkPAAHX
server;disconnect;N8UzT0WxwFkwRTkPAAHX
server;connection;y0-DsqUd9jesfv6IAAHZ
server;disconnect;y0-DsqUd9jesfv6IAAHZ
server;connection;D6fBVPXOq01oYdplAAHb
server;disconnect;D6fBVPXOq01oYdplAAHb
server;connection;_C0t9MU6t7Le9204AAHd
_C0t9MU6t7Le9204AAHd;all;cronometro,ronda6,EAFT2,T_vuelo,start,1721995129271
_C0t9MU6t7Le9204AAHd;all;cronometro,ronda6,EAFT2,T_vuelo,pause,126524
server;disconnect;_C0t9MU6t7Le9204AAHd
server;connection;2Agz_mn0TAE6RJ6HAAHf
2Agz_mn0TAE6RJ6HAAHf;all;cronometro,ronda6,EAFT2,T_vuelo,update,126524
server;disconnect;2Agz_mn0TAE6RJ6HAAHf
server;connection;as0c7QvI-5DyMzVgAAHh
server;disconnect;as0c7QvI-5DyMzVgAAHh
server;connection;PjR9U9Lempr1sYPCAAHj
server;disconnect;PjR9U9Lempr1sYPCAAHj
server;connection;gynOUFWHbWbkc2j7AAHl
server;connection;lnnDoPbCPC7ouW9-AAHo
server;connection;vJoqwIcB1A2UbxNyAAHp
gynOUFWHbWbkc2j7AAHl;all;cronometro,ronda7,SAET2,T_vuelo,start,1721998321822
gynOUFWHbWbkc2j7AAHl;all;cronometro,ronda7,SAET2,T_vuelo,pause,130489
server;disconnect;gynOUFWHbWbkc2j7AAHl
server;connection;EqXZTL3rINRkHypgAAHr
EqXZTL3rINRkHypgAAHr;all;cronometro,ronda7,SAET2,T_vuelo,update,130489
server;disconnect;EqXZTL3rINRkHypgAAHr
server;connection;YGD2IonWXzoTmrguAAHt
server;disconnect;YGD2IonWXzoTmrguAAHt
server;connection;TKcPxUTQbYDFgNnAAAHv
TKcPxUTQbYDFgNnAAAHv;all;cronometro,ronda7,LUFTS,T_vuelo,start,1721998865950
TKcPxUTQbYDFgNnAAAHv;all;cronometro,ronda7,LUFTS,T_vuelo,pause,15453
server;connection;0leL48Xu-uVwQ4ZvAAHx
0leL48Xu-uVwQ4ZvAAHx;all;cronometro,ronda7,SAET1,T_carga,start,1721999058602
0leL48Xu-uVwQ4ZvAAHx;all;cronometro,ronda7,SAET1,T_carga,pause,18802
server;disconnect;TKcPxUTQbYDFgNnAAAHv
server;disconnect;0leL48Xu-uVwQ4ZvAAHx
server;connection;PCpEvXcLXDoELMoYAAHz
server;disconnect;PCpEvXcLXDoELMoYAAHz
server;connection;Y52yQ65pKzdb1LW-AAH1
server;disconnect;Y52yQ65pKzdb1LW-AAH1
server;connection;zzGKq0lEQ8YgkOJnAAH3
server;disconnect;zzGKq0lEQ8YgkOJnAAH3
server;connection;ZWO9CRFbf1t1InowAAH5
ZWO9CRFbf1t1InowAAH5;all;cronometro,ronda7,SAET1,T_vuelo,start,1722000094273
server;disconnect;ZWO9CRFbf1t1InowAAH5
server;connection;ubhgnnurEep0ZJxQAAH7
ubhgnnurEep0ZJxQAAH7;all;cronometro,ronda7,SAET1,T_vuelo,pause,152504
server;disconnect;HzVwxcu1q3-yaBPZAACq
server;disconnect;h6WumsF5ptjZOhatAAFR
server;disconnect;vCLCbiih5bKXbU25AAG7
server;disconnect;0IbRb0RjQm2Bs-1PAAFQ
server;disconnect;YlM_Oob9K1_wa2u4AAHN
ubhgnnurEep0ZJxQAAH7;all;cronometro,ronda7,SAET1,T_vuelo,update,152504
server;disconnect;ubhgnnurEep0ZJxQAAH7
server;connection;mc-XceJZYh932natAAH9
server;connection;ZHn4U3Syh58_wcGrAAH_
server;connection;uLqBg75-3Lv6ncujAAIC
server;connection;aRbW5fyuwOz58wEVAAIE
server;connection;DbKCbEE1RE5Q0JadAAIG
server;connection;NA_F-zH16dAtxksIAAIH
DbKCbEE1RE5Q0JadAAIG;message;New Cronometro!
server;disconnect;mc-XceJZYh932natAAH9
server;connection;WgB0xIJj_Ry-6DCrAAIJ
WgB0xIJj_Ry-6DCrAAIJ;all;cronometro,ronda7,MATSI,T_carga,start,1722000452438
WgB0xIJj_Ry-6DCrAAIJ;all;cronometro,ronda7,MATSI,T_carga,pause,1441
WgB0xIJj_Ry-6DCrAAIJ;all;cronometro,ronda7,MATSI,T_carga,update,1441
server;disconnect;WgB0xIJj_Ry-6DCrAAIJ
server;connection;UFsi8S0CRRiQUbVIAAIL
server;connection;fVi6SPM9q0I5QEtBAAIN
server;disconnect;fVi6SPM9q0I5QEtBAAIN
server;connection;BCywXD0RYR8eqLTlAAIP
server;disconnect;UFsi8S0CRRiQUbVIAAIL
BCywXD0RYR8eqLTlAAIP;all;cronometro,ronda7,RUHE,T_vuelo,start,1722001067473
BCywXD0RYR8eqLTlAAIP;all;cronometro,ronda7,RUHE,T_vuelo,pause,59850
server;disconnect;BCywXD0RYR8eqLTlAAIP
server;connection;eiweA6HuHtLnRcGGAAIS
server;disconnect;eiweA6HuHtLnRcGGAAIS
server;connection;yWfWSDOakNC8lQgtAAIU
yWfWSDOakNC8lQgtAAIU;all;cronometro,ronda7,RUHE,T_vuelo,reset
yWfWSDOakNC8lQgtAAIU;all;cronometro,ronda7,UCAIR,T_vuelo,reset
yWfWSDOakNC8lQgtAAIU;all;cronometro,ronda7,UCAIR,T_vuelo,reset
server;disconnect;yWfWSDOakNC8lQgtAAIU
server;connection;29wF51l5cTTalnX4AAIW
server;disconnect;29wF51l5cTTalnX4AAIW
server;connection;R1EBjV5bFaYY5ddsAAIY
server;disconnect;R1EBjV5bFaYY5ddsAAIY
server;connection;cCB6eZ6psLTNJehfAAIa
server;disconnect;cCB6eZ6psLTNJehfAAIa
server;connection;TaBruiTYJpr1Hi5MAAId
server;disconnect;TaBruiTYJpr1Hi5MAAId
server;connection;8QW8nwR9sz6lLMWtAAIf
server;disconnect;8QW8nwR9sz6lLMWtAAIf
server;connection;o0dxgUynnwafGTSwAAIh
o0dxgUynnwafGTSwAAIh;all;cronometro,ronda7,ECLFT,T_vuelo,start,1722002031470
o0dxgUynnwafGTSwAAIh;all;cronometro,ronda7,ECLFT,T_vuelo,pause,121029
server;disconnect;vJoqwIcB1A2UbxNyAAHp
server;connection;TdNU7E2CQm-07WWTAAIj
server;disconnect;o0dxgUynnwafGTSwAAIh
server;disconnect;TdNU7E2CQm-07WWTAAIj
server;connection;ASESfEXwMRF-ad-TAAIl
server;disconnect;uLqBg75-3Lv6ncujAAIC
server;connection;zCieD_hD0lEinwLIAAIn
server;disconnect;zCieD_hD0lEinwLIAAIn
server;connection;DHtXXgibk56c1q15AAIq
ASESfEXwMRF-ad-TAAIl;all;ranking,quiPil,animado,1c_AN
ASESfEXwMRF-ad-TAAIl;all;ranking,sumPil,ECLFT,1,2:01:0,0,animado,Correcto
ASESfEXwMRF-ad-TAAIl;all;ranking,quiPil,animado,1c
ASESfEXwMRF-ad-TAAIl;all;ranking,sumPil,ECLFT,1,2:10:0,0,animado,Correcto
ASESfEXwMRF-ad-TAAIl;all;ranking,sumPil,SAET2,2,2:10:0,0,animado,Correcto
ASESfEXwMRF-ad-TAAIl;all;ranking,quiPil,animado,1c
ASESfEXwMRF-ad-TAAIl;all;ranking,sumPil,ECLFT,1,2:01:0,0,animado,Correcto
ASESfEXwMRF-ad-TAAIl;all;ranking,camRon,6
ASESfEXwMRF-ad-TAAIl;all;ranking,sumPil,XALOC,1,1:21:0,0,animado,Corto
ASESfEXwMRF-ad-TAAIl;all;ranking,quiPil,animado,1c_AN
ASESfEXwMRF-ad-TAAIl;all;ranking,sumPil,EAFT2,1,1:21:0,0,animado,Corto
ASESfEXwMRF-ad-TAAIl;all;ranking,sumPil,EAFT1,3,2:07:0,0,animado,Correcto
ASESfEXwMRF-ad-TAAIl;all;ranking,sumPil,XALOC,2,1:27:0,0,animado,Correcto
server;connection;LYH3hUtTn4fd-_g4AAIu
ASESfEXwMRF-ad-TAAIl;all;ranking,sumPil,LUFTS,6,99:99:9,0,animado,Ilegal
LYH3hUtTn4fd-_g4AAIu;all;cronometro,,,T_carga,start,1722002496844
LYH3hUtTn4fd-_g4AAIu;all;cronometro,,,T_carga,pause,373
LYH3hUtTn4fd-_g4AAIu;all;cronometro,,,T_carga,start,1722002497281
LYH3hUtTn4fd-_g4AAIu;all;cronometro,,,T_carga,pause,1219
ASESfEXwMRF-ad-TAAIl;all;ranking,sumPil,MATSI,7,99:99:9,0,animado,Ilegal
ASESfEXwMRF-ad-TAAIl;all;ranking,sumPil,UCAIR,8,99:99:9,0,animado,Ilegal
server;disconnect;LYH3hUtTn4fd-_g4AAIu
ASESfEXwMRF-ad-TAAIl;all;ranking,sumPil,RUHE,9,99:99:9,0,animado,Ilegal
ASESfEXwMRF-ad-TAAIl;all;ranking,quiPil,animado,9c
ASESfEXwMRF-ad-TAAIl;all;ranking,sumPil,RUHE,9,99:99:9,0,animado,Ilegal
ASESfEXwMRF-ad-TAAIl;all;ranking,sumPil,G3,10,99:99:9,0,animado,Ilegal
ASESfEXwMRF-ad-TAAIl;all;ranking,camRon,7
